strPath,strContent,strScraper,strHash,scanRecursive,useFolderNames,strSettings,noUpdate,exclude,dateAdded
/storage/tvshows/,tvshows,metadata.tvdb.com,,0,0,"<settings><setting id=""RatingS"" value=""TheTVDB"" /><setting id=""absolutenumber"" value=""false"" /><setting id=""dvdorder"" value=""false"" /><setting id=""fallback"" value=""true"" /><setting id=""fanart"" value=""true"" /><setting id=""language"" value=""en"" /></settings>",0,0,
/storage/.xbmc/userdata/addon_data/plugin.video.genesis/TVShows/,tvshows,metadata.tvdb.com,,0,0,"<settings><setting id=""RatingS"" value=""TheTVDB"" /><setting id=""absolutenumber"" value=""false"" /><setting id=""dvdorder"" value=""false"" /><setting id=""fallback"" value=""true"" /><setting id=""fanart"" value=""true"" /><setting id=""language"" value=""en"" /></settings>",0,0,
multipath://%2fstorage%2ftvshows%2f/%2fstorage%2f.xbmc%2fuserdata%2faddon_data%2fplugin.video.genesis%2fTVShows%2f/,tvshows,metadata.tvdb.com,099B8857D46DD661567537BCD0FBF69E,0,0,"<settings><setting id=""RatingS"" value=""TheTVDB"" /><setting id=""absolutenumber"" value=""false"" /><setting id=""dvdorder"" value=""false"" /><setting id=""fallback"" value=""true"" /><setting id=""fanart"" value=""true"" /><setting id=""language"" value=""en"" /></settings>",0,0,
/storage/.xbmc/userdata/addon_data/plugin.video.GOmovies/Movies/,movies,metadata.themoviedb.org,,2147483647,0,"<settings><setting id=""RatingS"" value=""TMDb"" /><setting id=""TrailerQ"" value=""No"" /><setting id=""certprefix"" value=""Rated "" /><setting id=""fanart"" value=""true"" /><setting id=""keeporiginaltitle"" value=""false"" /><setting id=""language"" value=""en"" /><setting id=""tmdbcertcountry"" value=""us"" /><setting id=""trailer"" value=""true"" /></settings>",0,0,
/storage/.xbmc/userdata/addon_data/plugin.video.genesis/Movies/,movies,metadata.themoviedb.org,fast1417807196,2147483647,0,"<settings><setting id=""RatingS"" value=""TMDb"" /><setting id=""TrailerQ"" value=""No"" /><setting id=""certprefix"" value=""Rated "" /><setting id=""fanart"" value=""true"" /><setting id=""keeporiginaltitle"" value=""false"" /><setting id=""language"" value=""en"" /><setting id=""tmdbcertcountry"" value=""us"" /><setting id=""trailer"" value=""true"" /></settings>",0,0,
multipath://%2fstorage%2f.xbmc%2fuserdata%2faddon_data%2fplugin.video.GOmovies%2fMovies%2f/%2fstorage%2f.xbmc%2fuserdata%2faddon_data%2fplugin.video.genesis%2fMovies%2f/,movies,metadata.themoviedb.org,,2147483647,0,"<settings><setting id=""RatingS"" value=""TMDb"" /><setting id=""TrailerQ"" value=""No"" /><setting id=""certprefix"" value=""Rated "" /><setting id=""fanart"" value=""true"" /><setting id=""keeporiginaltitle"" value=""false"" /><setting id=""language"" value=""en"" /><setting id=""tmdbcertcountry"" value=""us"" /><setting id=""trailer"" value=""true"" /></settings>",0,0,
