<?xml version="1.0" encoding="UTF-8" standalone="yes"?>
<addon id="repository.mediaguru" name="Oz Media Guru Repo" version="1.0" provider-name="oz-media-guru">
	<extension point="xbmc.addon.repository" name="Oz Media Guru Repo">
		<info compressed="false">http://raw.github.com/oz-media-guru/omg-utils/master/addons.xml</info>
		<checksum>http://raw.github.com/oz-media-guru/omg-utils/master/addons.xml.md5</checksum>
		<datadir zip="true">http://raw.github.com/oz-media-guru/omg-utils/master/zips</datadir>
	</extension>
	<extension point="xbmc.addon.metadata">
		<summary>Oz Media Guru Repo</summary>
		<description>Download and install Oz Media Guru utilities. For support visit media-guru.com.au/forum</description>
		<platform>all</platform>
	</extension>
</addon>

